-- INSERTS DE LA TABLA CUERPO ESPACIAL
INSERT INTO CUERPO_ESPACIAL (Id, Cod, Nombre, Masa, Composicion, Radio, Id_Orbita) VALUES (32, 'ALPHA-A', 'Alpha Centauri A', 2.5e30, 'Gas', 1095000, NULL);
INSERT INTO CUERPO_ESPACIAL (Id, Cod, Nombre, Masa, Composicion, Radio, Id_Orbita) VALUES (34, 'SGR', 'Sagitario A*', 4.15e6, 'Materia Densa', 1.0e5, NULL);
INSERT INTO CUERPO_ESPACIAL (Id, Cod, Nombre, Masa, Composicion, Radio, Id_Orbita) VALUES (35, 'M87B', 'M87', 6.5e9, 'Materia Densa', 1.0e6, NULL);
INSERT INTO CUERPO_ESPACIAL (Id, Cod, Nombre, Masa, Composicion, Radio, Id_Orbita) VALUES (36, 'NGC1277', 'NGC 1277', 1.7e10, 'Materia Densa', 1.0e7, NULL);
INSERT INTO CUERPO_ESPACIAL (Id, Cod, Nombre, Masa, Composicion, Radio, Id_Orbita) VALUES (37, 'TON618', 'Ton 618', 6.6e10, 'Materia Densa', 2.5e7, NULL);
INSERT INTO CUERPO_ESPACIAL (Id, Cod, Nombre, Masa, Composicion, Radio, Id_Orbita) VALUES (38, 'S4', 'S4 2046+1', 1.5e9, 'Materia Densa', 9.0e6, NULL);
INSERT INTO CUERPO_ESPACIAL (Id, Cod, Nombre, Masa, Composicion, Radio, Id_Orbita) VALUES (9, 'SOL', 'Sol', 1.989e30, 'Gas', 696340, NULL);
INSERT INTO CUERPO_ESPACIAL (Id, Cod, Nombre, Masa, Composicion, Radio, Id_Orbita) VALUES (31, 'SIRUS', 'Sirius', 4.18e30, 'Gas', 1392000, NULL);
INSERT INTO CUERPO_ESPACIAL (Id, Cod, Nombre, Masa, Composicion, Radio, Id_Orbita) VALUES (1, 'MERCU', 'Mercurio', 3.3e23, 'Roca', 2439, 9);
INSERT INTO CUERPO_ESPACIAL (Id, Cod, Nombre, Masa, Composicion, Radio, Id_Orbita) VALUES (2, 'VENUS', 'Venus', 4.87e24, 'Roca y Nubes', 6051, 9);
INSERT INTO CUERPO_ESPACIAL (Id, Cod, Nombre, Masa, Composicion, Radio, Id_Orbita) VALUES (3, 'EARTH', 'Tierra', 5.97e24, 'Roca y Agua', 6371, 9);
INSERT INTO CUERPO_ESPACIAL (Id, Cod, Nombre, Masa, Composicion, Radio, Id_Orbita) VALUES (100, 'MOON', 'Luna', 5.97e11, 'Roca', 500, 3);
INSERT INTO CUERPO_ESPACIAL (Id, Cod, Nombre, Masa, Composicion, Radio, Id_Orbita) VALUES (4, 'MARS', 'Marte', 0.642e24, 'Roca', 3389, 9);
INSERT INTO CUERPO_ESPACIAL (Id, Cod, Nombre, Masa, Composicion, Radio, Id_Orbita) VALUES (5, 'JUPYT', 'Jupiter', 1.9e27, 'Gas', 69911, 9);
INSERT INTO CUERPO_ESPACIAL (Id, Cod, Nombre, Masa, Composicion, Radio, Id_Orbita) VALUES (6, 'SATUR', 'Saturno', 5.68e26, 'Gas', 58232, 9);
INSERT INTO CUERPO_ESPACIAL (Id, Cod, Nombre, Masa, Composicion, Radio, Id_Orbita) VALUES (7, 'URANO', 'Urano', 8.68e25, 'Gas', 25362, 9);
INSERT INTO CUERPO_ESPACIAL (Id, Cod, Nombre, Masa, Composicion, Radio, Id_Orbita) VALUES (8, 'NEPTN', 'Neptuno', 1.02e26, 'Gas', 24622, 9);
INSERT INTO CUERPO_ESPACIAL (Id, Cod, Nombre, Masa, Composicion, Radio, Id_Orbita) VALUES (10, 'CERES', 'Ceres', 9.39e20, 'Roca', 473, 9);
INSERT INTO CUERPO_ESPACIAL (Id, Cod, Nombre, Masa, Composicion, Radio, Id_Orbita) VALUES (11, 'EROS', 'Eros', 6.69e20, 'Roca', 517, 5);
INSERT INTO CUERPO_ESPACIAL (Id, Cod, Nombre, Masa, Composicion, Radio, Id_Orbita) VALUES (12, 'VESTA', 'Vesta', 2.59e20, 'Roca', 525, 5);
INSERT INTO CUERPO_ESPACIAL (Id, Cod, Nombre, Masa, Composicion, Radio, Id_Orbita) VALUES (13, 'PALLS', 'Pallas', 2.11e20, 'Roca', 512, 5);
INSERT INTO CUERPO_ESPACIAL (Id, Cod, Nombre, Masa, Composicion, Radio, Id_Orbita) VALUES (14, 'HYGIA', 'Hygiea', 8.16e20, 'Roca', 434, 5);
INSERT INTO CUERPO_ESPACIAL (Id, Cod, Nombre, Masa, Composicion, Radio, Id_Orbita) VALUES (15, 'JUNO', 'Juno', 3.74e20, 'Roca', 246, 5);
INSERT INTO CUERPO_ESPACIAL (Id, Cod, Nombre, Masa, Composicion, Radio, Id_Orbita) VALUES (16, '100A', 'Asteroide 100', 5.56e20, 'Roca', 324, 4);
INSERT INTO CUERPO_ESPACIAL (Id, Cod, Nombre, Masa, Composicion, Radio, Id_Orbita) VALUES (17, '200A', 'Asteroide 200', 4.44e20, 'Roca', 321, 4);
INSERT INTO CUERPO_ESPACIAL (Id, Cod, Nombre, Masa, Composicion, Radio, Id_Orbita) VALUES (18, '300A', 'Asteroide 300', 5.99e20, 'Roca', 332, 4);
INSERT INTO CUERPO_ESPACIAL (Id, Cod, Nombre, Masa, Composicion, Radio, Id_Orbita) VALUES (19, '400A', 'Asteroide 400', 6.77e20, 'Roca', 500, 4);
INSERT INTO CUERPO_ESPACIAL (Id, Cod, Nombre, Masa, Composicion, Radio, Id_Orbita) VALUES (20, '500A', 'Asteroide 500', 3.12e20, 'Roca', 560, 5);
INSERT INTO CUERPO_ESPACIAL (Id, Cod, Nombre, Masa, Composicion, Radio, Id_Orbita) VALUES (21, '600A', 'Asteroide 600', 1.13e20, 'Roca', 615, 5);
INSERT INTO CUERPO_ESPACIAL (Id, Cod, Nombre, Masa, Composicion, Radio, Id_Orbita) VALUES (22, '700A', 'Asteroide 700', 9.75e19, 'Roca', 637, 5);
INSERT INTO CUERPO_ESPACIAL (Id, Cod, Nombre, Masa, Composicion, Radio, Id_Orbita) VALUES (23, '800A', 'Asteroide 800', 2.58e20, 'Roca', 648, 6);
INSERT INTO CUERPO_ESPACIAL (Id, Cod, Nombre, Masa, Composicion, Radio, Id_Orbita) VALUES (24, '900A', 'Asteroide 900', 5.91e20, 'Roca', 688, 6);
INSERT INTO CUERPO_ESPACIAL (Id, Cod, Nombre, Masa, Composicion, Radio, Id_Orbita) VALUES (25, '1000A', 'Asteroide 1000', 1.56e21, 'Roca', 700, 6);
INSERT INTO CUERPO_ESPACIAL (Id, Cod, Nombre, Masa, Composicion, Radio, Id_Orbita) VALUES (26, '1100A', 'Asteroide 1100', 7.47e21, 'Roca', 710, 6);
INSERT INTO CUERPO_ESPACIAL (Id, Cod, Nombre, Masa, Composicion, Radio, Id_Orbita) VALUES (27, '1200A', 'Asteroide 1200', 2.64e21, 'Roca', 725, 7);
INSERT INTO CUERPO_ESPACIAL (Id, Cod, Nombre, Masa, Composicion, Radio, Id_Orbita) VALUES (28, '1300A', 'Asteroide 1300', 3.21e21, 'Roca', 740, 7);
INSERT INTO CUERPO_ESPACIAL (Id, Cod, Nombre, Masa, Composicion, Radio, Id_Orbita) VALUES (29, '1400A', 'Asteroide 1400', 2.15e21, 'Roca', 750, 7);
INSERT INTO CUERPO_ESPACIAL (Id, Cod, Nombre, Masa, Composicion, Radio, Id_Orbita) VALUES (30, '1500A', 'Asteroide 1500', 4.88e21, 'Roca', 765, 7);

-- INSERTS TABLA ASTEROIDE
INSERT INTO ASTEROIDE (Id, Tipo_Espectral, Peligrosidad) VALUES (16, 'C', 8);
INSERT INTO ASTEROIDE (Id, Tipo_Espectral, Peligrosidad) VALUES (17, 'S', 9);
INSERT INTO ASTEROIDE (Id, Tipo_Espectral, Peligrosidad) VALUES (18, 'X', 10);
INSERT INTO ASTEROIDE (Id, Tipo_Espectral, Peligrosidad) VALUES (19, 'C', 1);
INSERT INTO ASTEROIDE (Id, Tipo_Espectral, Peligrosidad) VALUES (20, 'X', 2);
INSERT INTO ASTEROIDE (Id, Tipo_Espectral, Peligrosidad) VALUES (21, 'S', 3);
INSERT INTO ASTEROIDE (Id, Tipo_Espectral, Peligrosidad) VALUES (22, 'C', 1);
INSERT INTO ASTEROIDE (Id, Tipo_Espectral, Peligrosidad) VALUES (23, 'X', 2);
INSERT INTO ASTEROIDE (Id, Tipo_Espectral, Peligrosidad) VALUES (24, 'S', 3);
INSERT INTO ASTEROIDE (Id, Tipo_Espectral, Peligrosidad) VALUES (25, 'C', 1);
INSERT INTO ASTEROIDE (Id, Tipo_Espectral, Peligrosidad) VALUES (26, 'X', 2);
INSERT INTO ASTEROIDE (Id, Tipo_Espectral, Peligrosidad) VALUES (27, 'S', 3);
INSERT INTO ASTEROIDE (Id, Tipo_Espectral, Peligrosidad) VALUES (28, 'C', 1);
INSERT INTO ASTEROIDE (Id, Tipo_Espectral, Peligrosidad) VALUES (29, 'X', 2);
INSERT INTO ASTEROIDE (Id, Tipo_Espectral, Peligrosidad) VALUES (30, 'S', 3);

-- INSERTS TABLA ESTRELLAS
INSERT INTO ESTRELLA (Id, Temperatura, Luminosidad) VALUES (9, 5778, 10.8);
INSERT INTO ESTRELLA (Id, Temperatura, Luminosidad) VALUES (31, 9940, 25.4);

-- INSERTS TABLA AGUJERO NEGRO
INSERT INTO AGUJERO_NEGRO (Id, Acrecion) VALUES (32, 1023);
INSERT INTO AGUJERO_NEGRO (Id, Acrecion) VALUES (34, 1231);
INSERT INTO AGUJERO_NEGRO (Id, Acrecion) VALUES (35, 1);
INSERT INTO AGUJERO_NEGRO (Id, Acrecion) VALUES (36, 192);
INSERT INTO AGUJERO_NEGRO (Id, Acrecion) VALUES (37, 23);
INSERT INTO AGUJERO_NEGRO (Id, Acrecion) VALUES (38, 514);

-- INSERTS TABLA PLANETA
INSERT INTO PLANETA (Id, Atmosfera) VALUES (1, 'Nitrógeno, oxígeno, dióxido de carbono');
INSERT INTO PLANETA (Id, Atmosfera) VALUES (2, 'Nitrógeno, metano, helio');
INSERT INTO PLANETA (Id, Atmosfera) VALUES (3, 'Dióxido de carbono, nitrógeno');
INSERT INTO PLANETA (Id, Atmosfera) VALUES (4, 'Composición desconocida, rica en amoníaco');
INSERT INTO PLANETA (Id, Atmosfera) VALUES (5, 'Densa, mayormente nitrógeno y vapor de agua');
INSERT INTO PLANETA (Id, Atmosfera) VALUES (6, 'Dióxido de carbono, argón, helio');
INSERT INTO PLANETA (Id, Atmosfera) VALUES (7, 'Helio, hidrógeno');
INSERT INTO PLANETA (Id, Atmosfera) VALUES (8, 'Nitrógeno, dióxido de carbono, metano');
INSERT INTO PLANETA (Id, Atmosfera) VALUES (10, 'Hidrógeno, helio');
INSERT INTO PLANETA (Id, Atmosfera) VALUES (11, 'Nitrógeno, hidrógeno, metano, monóxido de carbono');
INSERT INTO PLANETA (Id, Atmosfera) VALUES (12, 'Dióxido de carbono, nitrógeno');
INSERT INTO PLANETA (Id, Atmosfera) VALUES (13, 'Composición rica en metano y amoníaco');
INSERT INTO PLANETA (Id, Atmosfera) VALUES (14, 'Dióxido de carbono, nitrógeno, argón');
INSERT INTO PLANETA (Id, Atmosfera) VALUES (15, 'Nitrógeno, oxígeno, argón, vapor de agua');

-- INSERTS PUERTO ESPACIAL
INSERT INTO PUERTO_ESPACIAL (Cod_Cuerpo, Id_Puerto, Capacidad, Anio_Inauguracion, Distancia) VALUES ('EARTH', 1, 100000, 2040, 6371);
INSERT INTO PUERTO_ESPACIAL (Cod_Cuerpo, Id_Puerto, Capacidad, Anio_Inauguracion, Distancia) VALUES ('EARTH', 2, 1092740, 2045, 6371);
INSERT INTO PUERTO_ESPACIAL (Cod_Cuerpo, Id_Puerto, Capacidad, Anio_Inauguracion, Distancia) VALUES ('EARTH', 3, 400, 2094, 473);
INSERT INTO PUERTO_ESPACIAL (Cod_Cuerpo, Id_Puerto, Capacidad, Anio_Inauguracion, Distancia) VALUES ('MARS', 1, 10740, 2059, 3389);
INSERT INTO PUERTO_ESPACIAL (Cod_Cuerpo, Id_Puerto, Capacidad, Anio_Inauguracion, Distancia) VALUES ('MARS', 2, 1000000, 2055, 3389);
INSERT INTO PUERTO_ESPACIAL (Cod_Cuerpo, Id_Puerto, Capacidad, Anio_Inauguracion, Distancia) VALUES ('CERES', 4, 100, 2071, 473);
INSERT INTO PUERTO_ESPACIAL (Cod_Cuerpo, Id_Puerto, Capacidad, Anio_Inauguracion, Distancia) VALUES ('CERES', 2, 5000, 2074, 10000);
INSERT INTO PUERTO_ESPACIAL (Cod_Cuerpo, Id_Puerto, Capacidad, Anio_Inauguracion, Distancia) VALUES ('MOON', 1, 500, 2064, 454);


-- INSERTS NAVE TRIPULADA
INSERT INTO NAVE_TRIPULADA (Id_Nave) VALUES (1);
INSERT INTO NAVE_TRIPULADA (Id_Nave) VALUES (2);
INSERT INTO NAVE_TRIPULADA (Id_Nave) VALUES (3);
INSERT INTO NAVE_TRIPULADA (Id_Nave) VALUES (4);
INSERT INTO NAVE_TRIPULADA (Id_Nave) VALUES (5);
INSERT INTO NAVE_TRIPULADA (Id_Nave) VALUES (6);

-- INSERTS MERCANCIA
INSERT INTO MERCANCIA (Id, Id_Nave, Cantidad_Carga) VALUES (1, 1, 100);
INSERT INTO MERCANCIA (Id, Id_Nave, Cantidad_Carga) VALUES (2, 2, 200);

-- INSERTS BELICO
INSERT INTO BELICO (Id, Id_Nave, Cantidad_Armamento) VALUES (3, 3, 1239);
INSERT INTO BELICO (Id, Id_Nave, Cantidad_Armamento) VALUES (4, 4, 199);

-- INSERTS TRANSPORTE
INSERT INTO TRANSPORTE (Id, Id_Nave, Maximo_Pasajeros) VALUES (5, 5, 3000);
INSERT INTO TRANSPORTE (Id, Id_Nave, Maximo_Pasajeros) VALUES (6, 6, 4000);

-- FALTAN!!!!!!!!!!!!!!!!!!!!!

-- INSERTS TRIPULANTE
INSERT INTO TRIPULANTE (DNI, Nombre, Apellido) VALUES ('78949119', 'Yeray', 'Li');
INSERT INTO TRIPULANTE (DNI, Nombre, Apellido) VALUES ('49302182', 'Aitana', 'Ocaña');
INSERT INTO TRIPULANTE (DNI, Nombre, Apellido) VALUES ('17293819', 'David', 'Laguillo');
INSERT INTO TRIPULANTE (DNI, Nombre, Apellido) VALUES ('27485024', 'Ander', 'Amigorena');
INSERT INTO TRIPULANTE (DNI, Nombre, Apellido) VALUES ('77475884', 'Louis', 'San Miguel');
INSERT INTO TRIPULANTE (DNI, Nombre, Apellido) VALUES ('77747588', 'Albert', 'Camus');


-- INSERTS TRABAJADOR
INSERT INTO TRABAJADOR (DNI, Salario, Experiencia) VALUES ('78949119', 200000, 5);
INSERT INTO TRABAJADOR (DNI, Salario, Experiencia) VALUES ('77475884', 180000, 8);
INSERT INTO TRABAJADOR (DNI, Salario, Experiencia) VALUES ('17293819', 50000, 3);
INSERT INTO TRABAJADOR (DNI, Salario, Experiencia) VALUES ('77747588', 150000, 4);
INSERT INTO TRABAJADOR (DNI, Salario, Experiencia) VALUES ('49302182', 14000, 1);


-- INSERTS VIAJERO
INSERT INTO VIAJERO (DNI, Categoria, Equipaje) VALUES ('27485024', 'Primera', 3);

-- INSERTS ENCARGADO
INSERT INTO ENCARGADO (DNI, Responsabilidad) VALUES ('78949119', 3);

-- INSERTS INGENIERO
INSERT INTO INGENIERO (DNI, Especializacion) VALUES ('78949119', 'Electrónica');
INSERT INTO INGENIERO (DNI, Especializacion) VALUES ('77747588', 'Mecánica');

-- INSERTS INGENIERO_ENCARGADO
INSERT INTO INGENIERO_ENCARGADO (DNI, Rango) VALUES ('78949119', 'Director');

-- INSERTS PILOTO
INSERT INTO PILOTO (DNI, Licencia) VALUES ('49302182', 'A');

-- INSERTS AZAFATO
INSERT INTO AZAFATO (DNI, Primeros_Auxilios) VALUES ('17293819', 'y');

-- INSERTS IDIOMAS
INSERT INTO IDIOMAS (DNI, Idioma) VALUES ('17293819', 'Castellano');
INSERT INTO IDIOMAS (DNI, Idioma) VALUES ('17293819', 'Euskara');

-- INSERTS VIAJE_ESPACIAL
INSERT INTO VIAJE_ESPACIAL (ID, Fecha_Salida, Fecha_Llegada, Id_Cuerpo_Salida, Id_Puerto_Salida, Id_Cuerpo_Llegada, Id_Puerto_Llegada) VALUES (
    1,
    TO_DATE('2124/06/28', 'YYYY/MM/DD'),
    TO_DATE('2124/06/30', 'YYYY/MM/DD'),
    'EARTH', 3,
    'CERES', 2
);

INSERT INTO VIAJE_ESPACIAL (ID, Fecha_Salida, Fecha_Llegada, Id_Cuerpo_Salida, Id_Puerto_Salida, Id_Cuerpo_Llegada, Id_Puerto_Llegada) VALUES (
    2,
    TO_DATE('2124/05/2', 'YYYY/MM/DD'),
    TO_DATE('2124/05/14', 'YYYY/MM/DD'),
    'MARS', 1,
    'MOON', 1
);

-- INSERTS PARTICIPA
INSERT INTO PARTICIPA (Id_Viaje, Id_Nave, DNI) VALUES (1, 6, '78949119');
INSERT INTO PARTICIPA (Id_Viaje, Id_Nave, DNI) VALUES (1, 6, '49302182');
INSERT INTO PARTICIPA (Id_Viaje, Id_Nave, DNI) VALUES (1, 6, '17293819');
INSERT INTO PARTICIPA (Id_Viaje, Id_Nave, DNI) VALUES (1, 6, '27485024');
INSERT INTO PARTICIPA (Id_Viaje, Id_Nave, DNI) VALUES (1, 6, '77475884');

INSERT INTO PARTICIPA (Id_Viaje, Id_Nave, DNI) VALUES (2, 1, '78949119');
INSERT INTO PARTICIPA (Id_Viaje, Id_Nave, DNI) VALUES (2, 1, '49302182');
INSERT INTO PARTICIPA (Id_Viaje, Id_Nave, DNI) VALUES (2, 1, '17293819');
INSERT INTO PARTICIPA (Id_Viaje, Id_Nave, DNI) VALUES (2, 2, '27485024');
INSERT INTO PARTICIPA (Id_Viaje, Id_Nave, DNI) VALUES (2, 2, '77475884');
